epoch,time,train/box_loss,train/cls_loss,train/dfl_loss,metrics/precision(B),metrics/recall(B),metrics/mAP50(B),metrics/mAP50-95(B),val/box_loss,val/cls_loss,val/dfl_loss,lr/pg0,lr/pg1,lr/pg2
1,3.55336,1.04515,2.66856,1.45495,0.00333,1,0.40927,0.12857,0.97354,3.17638,1.64915,6e-05,6e-05,6e-05
2,5.89833,1.04094,2.66266,1.47367,0.00333,1,0.64215,0.37183,0.5937,2.9808,1.33004,0.00013958,0.00013958,0.00013958
3,9.04628,0.66632,2.36032,1.19924,0.00333,1,0.82795,0.64473,0.46621,2.91016,1.33838,0.00021868,0.00021868,0.00021868
4,11.7749,0.66617,2.09109,1.19801,0.00333,1,0.78473,0.52392,0.83863,2.97334,1.62524,0.0002973,0.0002973,0.0002973
5,14.2241,0.64309,1.81938,1.15726,0.00333,1,0.76807,0.49888,0.79941,2.99604,1.49677,0.00037544,0.00037544,0.00037544
6,16.57,0.65873,1.50331,1.16633,0.00333,1,0.92833,0.61044,0.93636,2.97875,1.84026,0.0004531,0.0004531,0.0004531
7,19.2216,0.69075,1.32847,1.20231,0.63547,0.8,0.82292,0.49707,1.20013,2.8403,2.64488,0.00053028,0.00053028,0.00053028
8,22.3941,0.68493,1.19747,1.19418,0.86402,0.63853,0.85868,0.50823,1.02975,2.73913,2.06799,0.00060698,0.00060698,0.00060698
9,25.0188,0.6887,1.09849,1.21099,0.92103,0.6,0.84202,0.43889,1.68219,2.61423,3.20336,0.0006832,0.0006832,0.0006832
10,27.3141,0.66458,1.0656,1.16458,0.85638,0.59678,0.88158,0.47269,1.20341,2.69377,2.65957,0.00075894,0.00075894,0.00075894
11,29.7094,0.66583,1.0386,1.1792,0.53979,0.4,0.51452,0.21835,1.37694,3.24711,2.65851,0.0008342,0.0008342,0.0008342
12,32.7051,0.72979,1.09399,1.23114,0.00333,1,0.23124,0.03448,2.20664,3.79665,3.25613,0.00090898,0.00090898,0.00090898
13,35.6323,0.71726,0.99196,1.22695,0.41686,0.4,0.35378,0.09089,1.56597,3.41732,2.923,0.00098328,0.00098328,0.00098328
14,37.976,0.73439,0.99303,1.21574,0.02127,0.8,0.12267,0.04662,2.04204,3.53171,3.02643,0.0010571,0.0010571,0.0010571
15,40.4081,0.62462,0.9608,1.12683,0.003,0.9,0.09393,0.03859,2.41287,3.86842,3.15593,0.00113044,0.00113044,0.00113044
16,42.893,0.66549,0.91489,1.14677,0.00167,0.5,0.04372,0.00921,3.09901,3.83697,4.03074,0.0012033,0.0012033,0.0012033
17,45.2397,0.64711,0.87497,1.16307,0.21984,0.8,0.56313,0.20303,1.16887,3.11238,2.03869,0.00127568,0.00127568,0.00127568
18,48.5109,0.64838,0.88934,1.14605,0.77141,0.34282,0.6013,0.30564,1.0322,2.9256,2.1037,0.00134758,0.00134758,0.00134758
19,51.1092,0.62546,0.85959,1.13903,0.09448,0.7,0.25211,0.09601,1.61404,3.38896,2.60124,0.001419,0.001419,0.001419
20,53.4579,0.70644,0.9283,1.17788,0.46118,0.4,0.53183,0.25568,1.83074,3.17616,2.95676,0.00148994,0.00148994,0.00148994
21,55.6671,0.66156,0.82814,1.15127,0.45689,0.4,0.44882,0.16251,1.61368,3.03134,2.87769,0.0015604,0.0015604,0.0015604
22,57.9918,0.70028,0.87156,1.165,0.25261,0.9,0.35793,0.15688,1.3074,2.86969,2.35227,0.00163038,0.00163038,0.00163038
23,60.74,0.69049,0.82945,1.16933,0.17421,0.25487,0.28582,0.11001,1.36569,2.7393,2.274,0.00169988,0.00169988,0.00169988
24,63.6615,0.72066,0.83627,1.20741,0.69737,0.3,0.57803,0.22854,1.49108,2.56423,2.62026,0.0017689,0.0017689,0.0017689
25,66.1902,0.78036,0.89235,1.2566,0.63428,0.4,0.57203,0.17148,1.81373,2.84114,3.26038,0.00183744,0.00183744,0.00183744
26,68.478,0.75893,0.82148,1.2369,0.08109,0.2,0.05599,0.01411,2.52659,3.9358,3.89387,0.00185,0.00185,0.00185
27,70.8679,0.7771,0.85628,1.2451,0.00224,0.4,0.00256,0.001,2.92899,6.13565,4.17977,0.001844,0.001844,0.001844
28,73.705,0.70951,0.81418,1.21598,0.05116,0.1,0.02299,0.01254,2.62516,3.64529,4.04534,0.001838,0.001838,0.001838
29,76.6656,0.73083,0.82471,1.22197,0.47955,0.4,0.33402,0.11793,2.26262,2.5655,3.94539,0.001832,0.001832,0.001832
30,79.0796,0.77137,0.80248,1.20423,0.78374,0.4,0.48204,0.15998,2.14857,2.9432,3.41915,0.001826,0.001826,0.001826
31,81.3992,0.75652,0.80479,1.2172,0.46097,0.3,0.24587,0.0875,2.18427,2.88043,3.23919,0.00182,0.00182,0.00182
32,83.6377,0.76478,0.80543,1.22233,0.22062,0.2,0.12716,0.02555,3.10739,3.68036,4.68491,0.001814,0.001814,0.001814
33,86.3554,0.68949,0.7453,1.16377,0.16374,0.5,0.12946,0.02302,2.79612,3.72934,4.15843,0.001808,0.001808,0.001808
34,89.3665,0.70689,0.75833,1.16043,0.09347,0.4,0.05433,0.00703,3.32347,5.82475,5.09298,0.001802,0.001802,0.001802
35,91.8215,0.65614,0.69567,1.1493,0.32822,0.3,0.21773,0.03356,3.45682,4.47542,5.64364,0.001796,0.001796,0.001796
36,94.0489,0.67146,0.70247,1.15552,0.48092,0.4,0.39823,0.08728,2.79903,3.6224,4.22225,0.00179,0.00179,0.00179
37,96.3709,0.70577,0.69902,1.18147,0.05515,0.3,0.02717,0.00317,4.25365,4.8153,7.10543,0.001784,0.001784,0.001784
38,98.9231,0.63974,0.65508,1.13582,0.08801,0.1,0.01376,0.00245,4.6431,5.55889,6.55683,0.001778,0.001778,0.001778
39,102.101,0.65797,0.67793,1.13702,0.01126,0.1,0.00185,0.00018,5.12437,6.1461,6.91596,0.001772,0.001772,0.001772
40,104.642,0.70987,0.7144,1.19788,0.07131,0.1,0.02001,0.0029,4.26241,3.67682,4.84233,0.001766,0.001766,0.001766
41,107.281,0.69547,0.69137,1.17847,0.54615,0.48307,0.48209,0.1743,1.60555,2.38456,2.74412,0.00176,0.00176,0.00176
42,109.825,0.60927,0.66245,1.10915,0.57626,0.40902,0.44718,0.13613,2.50251,2.73448,4.00488,0.001754,0.001754,0.001754
43,112.463,0.6486,0.63504,1.13626,0.46352,0.7,0.40682,0.09461,2.13845,2.63292,3.43578,0.001748,0.001748,0.001748
44,115.774,0.71624,0.66816,1.17587,0.33849,0.6,0.32481,0.17785,1.4979,2.66631,2.70871,0.001742,0.001742,0.001742
45,118.479,0.63793,0.62664,1.13449,0.51379,0.8,0.56633,0.28021,1.57047,2.0297,3.09503,0.001736,0.001736,0.001736
46,121.345,0.66746,0.6408,1.16476,0.6892,0.88787,0.77609,0.39133,1.59358,1.54238,3.41381,0.00173,0.00173,0.00173
47,123.663,0.66336,0.63804,1.14108,0.46161,0.4,0.45508,0.18297,1.87433,2.32543,3.3053,0.001724,0.001724,0.001724
48,126.253,0.65573,0.64968,1.14641,0.24479,0.4,0.23976,0.07279,2.75163,2.96073,3.87065,0.001718,0.001718,0.001718
49,129.799,0.6205,0.65943,1.12801,0.36725,0.7,0.37337,0.20246,1.8753,1.96464,2.94767,0.001712,0.001712,0.001712
50,132.296,0.6335,0.61201,1.14286,0.30792,0.5,0.31041,0.13662,1.94108,2.83345,3.59893,0.001706,0.001706,0.001706
51,134.775,0.57675,0.57651,1.11143,0.35986,0.4,0.23689,0.06332,2.51196,3.02667,4.19272,0.0017,0.0017,0.0017
52,137.45,0.62227,0.58778,1.12084,0.50831,0.6216,0.47116,0.12405,2.76382,2.46178,4.62608,0.001694,0.001694,0.001694
53,140.138,0.62578,0.56386,1.12354,0.25868,0.8,0.3575,0.08545,2.90084,2.31239,4.34645,0.001688,0.001688,0.001688
54,143.513,0.65073,0.60195,1.14713,0.4516,0.8,0.6063,0.2189,2.03618,2.65424,2.98923,0.001682,0.001682,0.001682
55,146.054,0.64987,0.59127,1.14075,0.52758,0.6,0.54987,0.20358,1.98888,2.16962,2.84807,0.001676,0.001676,0.001676
56,148.281,0.66556,0.6031,1.16182,0.31781,0.1,0.06562,0.02486,3.15572,3.36637,3.92751,0.00167,0.00167,0.00167
57,150.534,0.65196,0.56245,1.13332,0.67055,0.1,0.13913,0.09925,2.82859,3.3338,3.59081,0.001664,0.001664,0.001664
58,153.12,0.59664,0.52561,1.11059,0.27832,0.4,0.18691,0.09445,2.10745,2.94823,2.85872,0.001658,0.001658,0.001658
59,155.997,0.66511,0.59332,1.1684,0.45893,0.4,0.32444,0.16722,2.20999,2.7092,2.93066,0.001652,0.001652,0.001652
60,158.716,0.66029,0.60027,1.17431,0.62447,0.9,0.74293,0.47192,1.19385,1.19619,2.26075,0.001646,0.001646,0.001646
61,161.022,0.64812,0.60484,1.1503,0.7486,0.89384,0.84533,0.52362,1.1795,1.16748,2.20057,0.00164,0.00164,0.00164
62,163.413,0.63303,0.56438,1.12023,0.82419,0.9,0.91167,0.43126,1.47493,1.24899,2.40474,0.001634,0.001634,0.001634
63,165.917,0.60769,0.57442,1.14482,0.89885,1,0.94955,0.55522,1.33796,1.19847,2.47006,0.001628,0.001628,0.001628
64,169.115,0.57831,0.52008,1.12339,0.89224,1,0.98591,0.72766,1.09531,1.03807,2.12747,0.001622,0.001622,0.001622
65,171.778,0.58638,0.53788,1.09876,0.62888,0.9,0.77595,0.38994,1.2809,1.71975,2.11337,0.001616,0.001616,0.001616
66,174.357,0.59997,0.51776,1.11817,0.82812,0.96557,0.96167,0.61609,1.10003,1.12529,2.00976,0.00161,0.00161,0.00161
67,176.7,0.57418,0.5005,1.08328,0.56678,0.8,0.69146,0.54595,1.15485,1.38785,2.10837,0.001604,0.001604,0.001604
68,179.214,0.54336,0.50685,1.10593,0.32468,0.6,0.36191,0.27739,1.6832,2.30143,2.61333,0.001598,0.001598,0.001598
69,182.343,0.59589,0.51895,1.11256,0.25278,0.6,0.39548,0.30497,1.55071,2.29827,2.43364,0.001592,0.001592,0.001592
70,184.991,0.62791,0.52635,1.15036,0.30767,0.4,0.34768,0.28074,1.55591,2.62107,2.57859,0.001586,0.001586,0.001586
71,187.488,0.58518,0.54713,1.09521,0.70416,0.3,0.37222,0.19103,1.93037,3.28704,2.83362,0.00158,0.00158,0.00158
72,189.825,0.55191,0.48063,1.09305,0.36272,0.3,0.34248,0.2354,1.78652,2.62935,2.61418,0.001574,0.001574,0.001574
73,192.414,0.65025,0.5697,1.14218,0.39033,0.6,0.40088,0.25445,1.66692,2.55985,2.69064,0.001568,0.001568,0.001568
74,195.231,0.55154,0.50647,1.07377,0.45936,0.6,0.39242,0.25459,1.54674,2.09411,2.56517,0.001562,0.001562,0.001562
75,198.232,0.60053,0.54084,1.12968,0.54392,0.6,0.4681,0.27812,1.75004,2.08543,2.77324,0.001556,0.001556,0.001556
76,200.769,0.58705,0.52815,1.11151,0.97749,0.9,0.97192,0.69805,0.90434,0.7296,1.79198,0.00155,0.00155,0.00155
77,203.107,0.54128,0.46633,1.08234,0.99364,1,0.995,0.77146,0.86999,0.62863,1.68901,0.001544,0.001544,0.001544
78,205.464,0.55806,0.47765,1.08677,0.99476,1,0.995,0.81395,0.74679,0.62678,1.5747,0.001538,0.001538,0.001538
79,208.409,0.58778,0.489,1.10435,0.90145,1,0.98591,0.8122,0.76266,0.64732,1.5536,0.001532,0.001532,0.001532
80,211.507,0.57869,0.48106,1.10958,0.99783,1,0.995,0.71221,0.954,0.76374,1.98446,0.001526,0.001526,0.001526
81,214.069,0.52627,0.46244,1.07135,1,0.8666,0.97833,0.6638,1.2298,1.04076,2.47707,0.00152,0.00152,0.00152
82,216.526,0.61735,0.54909,1.1519,0.99415,1,0.995,0.5826,1.34161,0.73107,2.87511,0.001514,0.001514,0.001514
83,218.712,0.57034,0.49288,1.09731,0.99498,1,0.995,0.74357,0.96273,0.68224,2.10294,0.001508,0.001508,0.001508
84,221.411,0.5797,0.45811,1.11551,1,0.89072,0.98591,0.67894,0.89596,0.79542,1.80054,0.001502,0.001502,0.001502
85,224.848,0.55877,0.47434,1.0719,0.8333,0.99977,0.96833,0.80972,0.58101,0.60899,1.2935,0.001496,0.001496,0.001496
86,227.189,0.54449,0.49862,1.0782,1,0.88881,0.96167,0.71733,0.72014,0.76919,1.40465,0.00149,0.00149,0.00149
87,229.483,0.55358,0.46752,1.09155,0.88815,0.79466,0.85056,0.59242,0.9048,1.06071,1.63129,0.001484,0.001484,0.001484
88,231.702,0.55343,0.45631,1.07098,0.99313,0.8,0.87357,0.61981,1.05585,0.86825,1.83476,0.001478,0.001478,0.001478
89,234.472,0.53348,0.45727,1.06352,0.97668,0.8,0.95643,0.61296,0.91365,0.77692,1.73742,0.001472,0.001472,0.001472
90,237.764,0.53936,0.43977,1.05139,0.97474,0.8,0.87352,0.56412,0.94655,1.1448,1.73615,0.001466,0.001466,0.001466
91,240.036,0.51564,0.4281,1.04507,0.98725,1,0.995,0.62958,1.11403,0.94547,2.05655,0.00146,0.00146,0.00146
92,242.288,0.54253,0.42843,1.05595,0.97405,1,0.995,0.70705,0.95193,0.73753,2.04631,0.001454,0.001454,0.001454
93,244.532,0.53632,0.43393,1.07645,0.90319,1,0.98591,0.75349,0.82227,0.58855,1.70381,0.001448,0.001448,0.001448
94,247.216,0.52496,0.41289,1.05737,0.75015,0.90078,0.95192,0.7324,0.87731,0.79711,1.57285,0.001442,0.001442,0.001442
95,250.278,0.54792,0.43854,1.06736,0.54886,0.7,0.58215,0.3755,1.50432,1.62223,2.22512,0.001436,0.001436,0.001436
96,252.691,0.56891,0.45087,1.06362,0.70964,0.9,0.71889,0.29176,1.43177,2.00957,2.14037,0.00143,0.00143,0.00143
97,255.192,0.49988,0.42031,1.07463,0.70928,0.73402,0.7874,0.30285,1.46542,2.05959,2.22406,0.001424,0.001424,0.001424
98,257.614,0.50111,0.41171,1.04462,0.53201,0.6,0.50825,0.37819,1.64242,1.89997,2.55215,0.001418,0.001418,0.001418
99,259.976,0.54349,0.41978,1.06914,0.58634,0.5,0.49928,0.3866,1.54562,1.68805,2.35194,0.001412,0.001412,0.001412
100,263.001,0.56961,0.46401,1.09141,0.77749,0.69897,0.63837,0.38908,1.52073,1.63519,2.57912,0.001406,0.001406,0.001406
101,265.753,0.51136,0.4109,1.03711,0.60867,0.6,0.56826,0.30214,1.56139,1.78303,2.65858,0.0014,0.0014,0.0014
102,268.36,0.49971,0.43989,1.07109,0.85825,0.8,0.84115,0.53817,1.35479,1.46018,2.31277,0.001394,0.001394,0.001394
103,270.754,0.52088,0.42739,1.05596,0.87354,0.9,0.94056,0.59389,1.13185,1.11894,1.97336,0.001388,0.001388,0.001388
104,273.213,0.54238,0.48006,1.07783,1,0.87575,0.97833,0.65132,1.00165,1.01783,2.00176,0.001382,0.001382,0.001382
105,276.436,0.52555,0.44696,1.06851,0.89421,1,0.98591,0.72455,0.84948,0.90952,1.81323,0.001376,0.001376,0.001376
106,279.335,0.52649,0.46415,1.06779,1,0.89317,0.98591,0.65329,1.0122,0.9287,2.07934,0.00137,0.00137,0.00137
107,281.617,0.54696,0.47704,1.09322,0.73662,0.9,0.89667,0.58196,1.0401,1.0591,2.11307,0.001364,0.001364,0.001364
108,284.196,0.52707,0.4414,1.03876,0.76783,0.99274,0.92662,0.65643,1.17004,0.91955,2.40548,0.001358,0.001358,0.001358
109,286.865,0.5361,0.42806,1.0652,0.83206,0.99159,0.92833,0.52821,1.1812,1.12924,2.29278,0.001352,0.001352,0.001352
110,290.179,0.49058,0.41684,1.02958,0.63776,0.88143,0.87549,0.65092,0.96646,1.29801,1.85044,0.001346,0.001346,0.001346
111,292.839,0.55178,0.44755,1.08832,1,0.88224,0.97833,0.64856,1.08045,1.17427,2.10263,0.00134,0.00134,0.00134
112,295.311,0.52753,0.41137,1.06693,0.824,1,0.93833,0.64741,1.21945,0.90635,2.37869,0.001334,0.001334,0.001334
113,297.812,0.49612,0.4139,1.06046,0.94592,0.9,0.97833,0.62728,1.03553,0.92205,2.1606,0.001328,0.001328,0.001328
114,300.418,0.53337,0.42201,1.06283,0.82127,1,0.96833,0.63068,0.98521,0.89316,2.05838,0.001322,0.001322,0.001322
115,303.8,0.47656,0.39457,1.03798,1,0.99178,0.995,0.67205,0.98289,0.63055,2.0285,0.001316,0.001316,0.001316
116,306.752,0.50881,0.42678,1.03843,0.99188,1,0.995,0.69539,0.86812,0.64225,1.73741,0.00131,0.00131,0.00131
117,309.414,0.51564,0.44455,1.06078,0.98587,1,0.995,0.79224,0.80334,0.5825,1.55761,0.001304,0.001304,0.001304
118,311.838,0.48913,0.38682,1.0326,0.8681,0.9,0.95192,0.73686,0.89809,0.69918,1.75438,0.001298,0.001298,0.001298
119,314.46,0.49931,0.4282,1.05747,1,0.78746,0.92945,0.61854,0.94463,0.99908,1.84007,0.001292,0.001292,0.001292
120,318.29,0.49537,0.43087,1.03662,0.87332,0.69062,0.77674,0.43062,1.07412,1.38593,1.95568,0.001286,0.001286,0.001286
121,320.755,0.49243,0.42129,1.06349,0.6335,0.7,0.73555,0.51457,1.17776,1.1618,1.9785,0.00128,0.00128,0.00128
122,323.157,0.46683,0.41531,1.042,0.68312,0.9,0.86229,0.63449,0.76142,0.88974,1.55959,0.001274,0.001274,0.001274
123,325.689,0.42475,0.37171,1.00326,0.82796,1,0.97833,0.84699,0.79796,0.59175,1.7233,0.001268,0.001268,0.001268
124,328.204,0.48243,0.38436,1.0112,0.89877,1,0.995,0.79158,0.84321,0.54574,1.73576,0.001262,0.001262,0.001262
125,331.33,0.48227,0.39896,1.0329,0.99371,1,0.995,0.73682,0.94844,0.56405,1.89008,0.001256,0.001256,0.001256
126,334.228,0.50789,0.39393,1.05995,1,0.99651,0.995,0.69665,1.03845,0.72923,1.91565,0.00125,0.00125,0.00125
127,336.954,0.49155,0.39134,1.0398,0.90881,0.99687,0.97682,0.70041,1.10976,0.79233,1.9507,0.001244,0.001244,0.001244
128,339.499,0.48482,0.38603,1.0494,1,0.99001,0.995,0.67409,1.08965,0.7989,1.89463,0.001238,0.001238,0.001238
129,341.778,0.49494,0.40379,1.03493,0.90905,0.99955,0.94955,0.69628,1.10615,0.82033,1.78516,0.001232,0.001232,0.001232
130,345.456,0.4952,0.40889,1.06525,0.74885,0.9,0.8725,0.60491,1.24587,1.10306,1.98792,0.001226,0.001226,0.001226
131,348.218,0.52109,0.4185,1.08721,0.97596,1,0.995,0.70561,1.12134,0.67972,2.0315,0.00122,0.00122,0.00122
132,350.499,0.49021,0.39456,1.04932,0.99291,1,0.995,0.77111,1.0022,0.52354,1.99023,0.001214,0.001214,0.001214
133,353.141,0.4734,0.39786,1.01766,0.99212,1,0.995,0.79094,0.84051,0.60294,1.67549,0.001208,0.001208,0.001208
134,355.651,0.49398,0.39724,1.04269,1,0.99839,0.995,0.88428,0.58135,0.48751,1.26046,0.001202,0.001202,0.001202
135,359.174,0.45661,0.38534,1.01072,0.97591,1,0.995,0.86989,0.60891,0.63019,1.27979,0.001196,0.001196,0.001196
136,361.778,0.45708,0.39614,1.04736,0.97296,0.9,0.97192,0.86157,0.56651,0.65151,1.14244,0.00119,0.00119,0.00119
137,364.563,0.49383,0.41321,1.05753,0.99104,0.9,0.91674,0.69698,0.88821,0.64625,1.52819,0.001184,0.001184,0.001184
138,367.316,0.45104,0.37041,1.01696,1,0.77315,0.86552,0.6726,0.9686,0.62942,1.66814,0.001178,0.001178,0.001178
139,370.211,0.47358,0.37932,1.02484,0.81361,0.8,0.87338,0.60449,1.11566,0.80347,1.78931,0.001172,0.001172,0.001172
140,373.493,0.48234,0.38741,1.0212,0.88017,0.73724,0.88521,0.69153,0.84077,0.79783,1.53441,0.001166,0.001166,0.001166
141,376.28,0.46985,0.37093,1.03399,0.79896,0.79533,0.85083,0.72191,0.79399,0.74711,1.43933,0.00116,0.00116,0.00116
142,378.919,0.44369,0.36713,1.01912,0.81285,0.9,0.87813,0.73283,0.79698,0.6325,1.45858,0.001154,0.001154,0.001154
143,381.616,0.48044,0.39367,1.03644,0.9113,1,0.995,0.77211,0.83304,0.6762,1.49093,0.001148,0.001148,0.001148
144,384.749,0.49529,0.39009,1.05735,0.87872,0.9,0.87622,0.7321,0.86407,0.65065,1.57247,0.001142,0.001142,0.001142
145,388.153,0.46123,0.37544,1.00473,0.87645,0.9,0.86918,0.65858,0.90738,0.65625,1.58514,0.001136,0.001136,0.001136
146,390.928,0.48049,0.39452,1.0419,0.97772,0.9,0.97833,0.69594,1.1245,0.65795,1.7893,0.00113,0.00113,0.00113
147,393.463,0.43285,0.35158,1.00849,0.88873,0.9,0.90167,0.71802,0.72828,0.7613,1.3724,0.001124,0.001124,0.001124
148,396.09,0.48185,0.41065,1.04743,0.91812,0.9,0.97192,0.71834,0.88214,0.68444,1.51744,0.001118,0.001118,0.001118
149,399.578,0.43505,0.34848,1.0142,1,0.97243,0.995,0.72252,0.87646,0.57328,1.55883,0.001112,0.001112,0.001112
150,402.689,0.45132,0.38847,1.03244,0.90437,1,0.95864,0.65777,0.96419,0.61208,1.69713,0.001106,0.001106,0.001106
151,405.232,0.43897,0.3482,1.01283,0.78891,0.9,0.93714,0.72601,0.83905,0.71171,1.53904,0.0011,0.0011,0.0011
152,407.867,0.43129,0.35848,1.01454,0.71227,0.8,0.84499,0.64767,0.93736,1.01002,1.598,0.001094,0.001094,0.001094
153,410.503,0.44588,0.36571,1.0193,1,0.69136,0.91722,0.65594,1.01504,0.93823,1.5612,0.001088,0.001088,0.001088
154,414.369,0.41487,0.35826,1.00156,0.80117,0.9,0.90506,0.69962,0.89489,0.79575,1.46548,0.001082,0.001082,0.001082
155,417.157,0.46238,0.35828,1.02507,0.76498,0.97788,0.92885,0.67719,0.92607,0.86513,1.56842,0.001076,0.001076,0.001076
156,419.583,0.4598,0.35539,1.01455,0.8224,0.6,0.81881,0.55158,0.90094,1.12107,1.54048,0.00107,0.00107,0.00107
157,421.947,0.43382,0.35515,1.0061,0.6685,0.9,0.76514,0.5103,0.99385,1.35375,1.50885,0.001064,0.001064,0.001064
158,424.343,0.4576,0.34452,1.01243,0.75331,0.7,0.77346,0.57579,0.66702,1.23935,1.3642,0.001058,0.001058,0.001058
159,427.854,0.4778,0.36951,1.03846,0.76608,0.9836,0.90385,0.66981,0.67706,0.89647,1.37628,0.001052,0.001052,0.001052
160,430.553,0.41097,0.32414,0.99487,0.82372,0.93654,0.95833,0.67689,0.73064,0.93815,1.44718,0.001046,0.001046,0.001046
161,432.88,0.41914,0.34333,1.00294,0.89489,1,0.98591,0.74351,0.79602,0.88733,1.51224,0.00104,0.00104,0.00104
162,435.242,0.44756,0.3613,1.0228,0.90603,1,0.98591,0.74386,0.75162,0.8207,1.44678,0.001034,0.001034,0.001034
163,437.617,0.44648,0.3681,1.03142,0.99033,1,0.995,0.76301,0.79744,0.83738,1.5037,0.001028,0.001028,0.001028
164,440.774,0.47626,0.38278,1.01708,0.98457,1,0.995,0.7641,0.85568,0.58848,1.62865,0.001022,0.001022,0.001022
165,443.584,0.45073,0.34508,0.99811,0.98793,1,0.995,0.78343,0.86936,0.5908,1.75702,0.001016,0.001016,0.001016
166,445.926,0.43372,0.34124,1.01929,0.99489,1,0.995,0.72941,0.81312,0.54735,1.82003,0.00101,0.00101,0.00101
167,448.193,0.43901,0.36596,1.02282,0.99447,1,0.995,0.83153,0.79951,0.53013,1.72469,0.001004,0.001004,0.001004
168,450.733,0.41017,0.32712,0.99519,0.99443,1,0.995,0.78382,0.75626,0.51822,1.55057,0.000998,0.000998,0.000998
169,453.631,0.40235,0.32478,1.00588,0.99435,1,0.995,0.77692,0.72728,0.45412,1.4597,0.000992,0.000992,0.000992
170,456.449,0.37178,0.3059,0.9722,0.99225,1,0.995,0.8472,0.71198,0.48508,1.45038,0.000986,0.000986,0.000986
171,458.891,0.40835,0.3511,1.02931,0.99131,1,0.995,0.80922,0.71672,0.45538,1.47755,0.00098,0.00098,0.00098
172,461.105,0.42865,0.33834,0.97758,0.98657,1,0.995,0.8221,0.76383,0.51584,1.54506,0.000974,0.000974,0.000974
173,463.586,0.43559,0.35351,1.00469,1,0.98454,0.995,0.84054,0.71931,0.58061,1.50812,0.000968,0.000968,0.000968
174,466.414,0.42957,0.3434,1.0136,0.97226,0.9,0.97833,0.84046,0.64701,0.56234,1.42445,0.000962,0.000962,0.000962
175,469.482,0.40934,0.33623,0.99507,0.90893,0.99819,0.98591,0.85141,0.67944,0.51599,1.52958,0.000956,0.000956,0.000956
176,471.925,0.42884,0.34689,1.00454,0.97649,1,0.995,0.81832,0.71895,0.52994,1.51344,0.00095,0.00095,0.00095
177,474.255,0.42146,0.34419,1.00725,0.98347,1,0.995,0.80238,0.7755,0.5806,1.6366,0.000944,0.000944,0.000944
178,476.596,0.44262,0.34636,1.02578,0.83008,1,0.96833,0.76259,0.66051,0.60609,1.45043,0.000938,0.000938,0.000938
179,479.267,0.42792,0.32827,0.9959,0.87814,0.9,0.97192,0.73349,0.69034,0.75552,1.50417,0.000932,0.000932,0.000932
180,482.915,0.44031,0.36109,1.01399,0.93602,0.9,0.97833,0.73442,0.69833,0.81149,1.46876,0.000926,0.000926,0.000926
181,485.282,0.41692,0.32063,1.00235,0.99116,1,0.995,0.78939,0.72368,0.73314,1.52336,0.00092,0.00092,0.00092
182,487.613,0.47446,0.36549,1.05281,0.94526,1,0.995,0.79298,0.70239,0.60285,1.44553,0.000914,0.000914,0.000914
183,490.16,0.39722,0.32164,0.97733,0.90381,1,0.96773,0.81977,0.65987,0.47314,1.35107,0.000908,0.000908,0.000908
184,492.751,0.41599,0.34647,1.00822,0.90279,1,0.96773,0.81789,0.60996,0.45389,1.28058,0.000902,0.000902,0.000902
185,496.192,0.45332,0.36465,1.02398,0.90872,0.99588,0.97682,0.85749,0.6022,0.55218,1.23115,0.000896,0.000896,0.000896
186,498.726,0.4417,0.35675,1.03021,1,0.88241,0.97833,0.78329,0.64069,0.73958,1.21734,0.00089,0.00089,0.00089
187,501.209,0.4196,0.3264,0.99422,0.98239,0.9,0.97833,0.73501,0.88747,0.72499,1.52248,0.000884,0.000884,0.000884
188,503.611,0.37311,0.3055,0.97705,0.9406,0.9,0.98591,0.6858,0.84929,0.78946,1.50709,0.000878,0.000878,0.000878
189,506.319,0.37837,0.30544,0.9583,0.90091,1,0.995,0.71771,0.81148,0.79842,1.48751,0.000872,0.000872,0.000872
190,509.419,0.36926,0.29031,0.98085,0.8532,1,0.96773,0.67919,0.80202,0.9027,1.50553,0.000866,0.000866,0.000866
191,511.894,0.42206,0.33169,0.98307,0.82701,1,0.96833,0.67626,0.83392,0.83628,1.52783,0.00086,0.00086,0.00086
192,514.201,0.39104,0.31233,0.98103,0.89926,0.89336,0.93262,0.66998,0.91632,0.88391,1.56008,0.000854,0.000854,0.000854
193,516.583,0.416,0.32167,0.96602,0.8812,0.8,0.93714,0.68491,0.86476,0.79071,1.51179,0.000848,0.000848,0.000848
194,519.309,0.38047,0.30793,0.97084,0.89909,0.89183,0.94192,0.66859,1.05361,0.73974,1.73638,0.000842,0.000842,0.000842
195,522.477,0.38979,0.31217,0.9792,0.82085,1,0.93833,0.6801,0.97954,0.75217,1.68939,0.000836,0.000836,0.000836
196,524.918,0.39089,0.33383,0.97459,0.92088,0.9,0.97833,0.72407,0.8296,0.58283,1.58641,0.00083,0.00083,0.00083
197,527.296,0.41192,0.32782,0.99119,1,0.99378,0.995,0.84025,0.75053,0.48911,1.52483,0.000824,0.000824,0.000824
198,529.637,0.37612,0.30638,0.97443,1,0.99902,0.995,0.85266,0.63509,0.43483,1.34718,0.000818,0.000818,0.000818
199,532.095,0.38621,0.30018,0.99152,0.99648,1,0.995,0.86213,0.62457,0.40973,1.34552,0.000812,0.000812,0.000812
200,535.161,0.39666,0.3191,1.00239,0.99697,1,0.995,0.82567,0.58752,0.38401,1.26774,0.000806,0.000806,0.000806
201,537.881,0.38824,0.31179,1.01149,0.99615,1,0.995,0.85745,0.64306,0.42935,1.45506,0.0008,0.0008,0.0008
202,540.484,0.3885,0.3014,0.97015,0.99434,1,0.995,0.81469,0.62268,0.45596,1.44611,0.000794,0.000794,0.000794
203,542.683,0.36776,0.30108,0.97018,0.99403,1,0.995,0.83163,0.65907,0.54755,1.49455,0.000788,0.000788,0.000788
204,545.067,0.41083,0.31276,1.00286,0.9943,1,0.995,0.80258,0.74677,0.56008,1.66086,0.000782,0.000782,0.000782
205,547.968,0.40763,0.32916,1.01931,0.99424,1,0.995,0.7361,0.71357,0.5485,1.62148,0.000776,0.000776,0.000776
206,552.446,0.39633,0.30682,0.99176,0.9942,1,0.995,0.7489,0.73783,0.53087,1.58603,0.00077,0.00077,0.00077
207,554.422,0.36153,0.31698,0.96281,0.99514,1,0.995,0.7919,0.68079,0.58918,1.40269,0.000764,0.000764,0.000764
208,556.802,0.37206,0.30996,0.9815,0.88637,0.9,0.94192,0.79218,0.62873,0.67765,1.28306,0.000758,0.000758,0.000758
209,559.213,0.38762,0.30111,0.9978,1,0.88692,0.94763,0.85492,0.60383,0.66781,1.23024,0.000752,0.000752,0.000752
210,562.654,0.37025,0.28513,0.98196,0.8976,0.8784,0.96192,0.84097,0.57254,0.61258,1.16498,0.000746,0.000746,0.000746
211,565.125,0.38178,0.29749,0.99187,0.85342,1,0.95864,0.84908,0.54674,0.58808,1.18014,0.00074,0.00074,0.00074
212,567.695,0.40752,0.33226,0.98395,0.8998,0.89821,0.95833,0.8257,0.56588,0.70138,1.20473,0.000734,0.000734,0.000734
213,570.076,0.34847,0.27877,0.97218,0.8992,0.89279,0.9375,0.79907,0.61209,0.67592,1.22241,0.000728,0.000728,0.000728
214,572.415,0.38629,0.31698,0.99144,0.89754,0.9,0.95192,0.81221,0.64352,0.64151,1.24406,0.000722,0.000722,0.000722
215,575.478,0.39334,0.30261,0.99644,0.82466,1,0.95056,0.80199,0.60398,0.63064,1.22643,0.000716,0.000716,0.000716
216,578.295,0.37897,0.30837,0.97833,0.82798,1,0.95056,0.78993,0.63981,0.72949,1.26176,0.00071,0.00071,0.00071
217,580.649,0.33937,0.27679,0.96903,0.82633,1,0.95056,0.78923,0.68952,0.70254,1.29177,0.000704,0.000704,0.000704
218,582.906,0.35492,0.29193,0.96085,0.82495,1,0.96167,0.71658,0.85853,0.73456,1.47498,0.000698,0.000698,0.000698
219,585.408,0.34772,0.28301,0.99438,0.89148,0.8233,0.96192,0.69156,0.9036,0.74897,1.50306,0.000692,0.000692,0.000692
220,588.271,0.3759,0.28638,0.9919,0.80526,0.8,0.93932,0.70537,1.04035,0.8362,1.63257,0.000686,0.000686,0.000686
221,591.387,0.38445,0.30318,0.97364,0.89092,0.81827,0.95643,0.70879,1.02977,0.87074,1.68233,0.00068,0.00068,0.00068
222,593.849,0.34254,0.26939,0.96373,0.75557,1,0.95374,0.76107,0.86607,0.83642,1.56629,0.000674,0.000674,0.000674
223,596.194,0.35022,0.25814,0.9526,0.90244,0.92681,0.96773,0.7816,0.69656,0.69329,1.40555,0.000668,0.000668,0.000668
224,598.393,0.3803,0.29863,0.9778,0.88385,1,0.97682,0.83389,0.60926,0.54116,1.30289,0.000662,0.000662,0.000662
225,601.444,0.37468,0.27651,0.96384,0.83313,1,0.96773,0.81816,0.6256,0.49715,1.32542,0.000656,0.000656,0.000656
226,604.389,0.35343,0.26514,0.9604,0.82293,1,0.93833,0.80666,0.62556,0.55675,1.28357,0.00065,0.00065,0.00065
227,606.85,0.38438,0.29176,0.96721,0.88124,0.9,0.92643,0.77847,0.54488,0.57753,1.19058,0.000644,0.000644,0.000644
228,609.374,0.38419,0.28572,0.99498,0.8808,0.9,0.92167,0.80725,0.54479,0.5462,1.21449,0.000638,0.000638,0.000638
229,611.752,0.3814,0.3142,1.00362,0.86309,0.9,0.93192,0.80902,0.54709,0.56794,1.19,0.000632,0.000632,0.000632
230,614.417,0.33593,0.26722,0.9632,0.76827,0.995,0.92041,0.78883,0.54597,0.55489,1.17498,0.000626,0.000626,0.000626
231,617.656,0.37324,0.30322,0.9817,0.80961,0.9,0.92602,0.83762,0.48367,0.53655,1.09582,0.00062,0.00062,0.00062
232,620.129,0.3609,0.28237,0.96286,0.79845,0.9,0.93714,0.84462,0.47425,0.5086,1.09917,0.000614,0.000614,0.000614
233,622.489,0.35549,0.30933,0.96019,0.87914,0.9,0.94643,0.84364,0.46156,0.53632,1.06609,0.000608,0.000608,0.000608
234,624.857,0.35,0.27546,0.95385,0.8305,1,0.97833,0.84712,0.52842,0.63334,1.15433,0.000602,0.000602,0.000602
